Submission ID,Rater1 Comp,Rater2 Comp,Resolved Score,System Overall,Rater1 1,Rater2 1,Rater1 2,Rater2 2,Rater1 3,Rater2 3,Rater1 4,Rater2 4,Rater1 5,Rater2 5,Rater1 6,Rater2 6,System Ideas and Content,System Organization,System Voice,System Word Choice,System Sentence Fluency,System Conventions
2357,18.0,16.0,34.0,24.999999999999996,4.0,3.0,4.0,4.0,4.0,4.0,4.0,4.0,4.0,3.0,3.0,3.0,4,2,3,2,2,2
2358,21.0,26.0,46.0,36.99999999999999,5.0,6.0,4.0,5.0,5.0,6.0,4.0,6.0,4.0,5.0,4.0,5.0,4,4,4,4,4,3
2359,15.0,20.0,40.0,42.99999999999999,3.0,4.0,3.0,4.0,3.0,5.0,3.0,4.0,3.0,4.0,3.0,4.0,5,4,5,4,4,4
2360,12.0,20.0,30.0,30.0,3.0,4.0,3.0,4.0,3.0,4.0,3.0,4.0,2.0,4.0,2.0,4.0,4,2,4,3,2,3
2361,11.0,15.0,26.0,27.0,3.0,3.0,2.0,3.0,3.0,3.0,3.0,3.0,2.0,3.0,2.0,3.0,4,3,4,3,3,1
